Workbook

Sheet Tong quan
A1: Research Group Management API - Test Checklist
A2: Checklist kiem thu thu cong tren Swagger UI (/docs) hoac Postman, bao gom ca case dung (happy path) va case loi. Cach lay token de test: bam nut Authorize tren Swagger, nhap email vao o "username" va mat khau vao o "password" (endpoint POST /auth/login dang OAuth2 form). Tren Postman: goi POST /auth/login voi body dang x-www-form-urlencoded (key "username" = email, key "password"), roi gan access_token vao header Authorization: Bearer <token>. Quy uoc response: cac endpoint POST/PATCH nhan du lieu dang JSON (application/json), rieng /auth/login dung form theo chuan OAuth2. Moi response THANH CONG (2xx co body) deu duoc boc envelope 6 truong {statusCode, message, data, error, timestamp, path} - du lieu that nam trong truong data. Ngoai le: 204 No Content va /auth/login, /auth/refresh khong boc (giu nguyen dinh dang goc).
A4: Huong dan dien: mo tung sheet module, thuc hien dung tung case tren Swagger/Postman, roi sua cot Test tu PENDING thanh PASS hoac FAIL. Bang tong hop ben duoi tu dong cap nhat.
A6: Nhom | B6: So case | C6: Da PASS | D6: Con PENDING
A7: 1. Auth | B7: =COUNTA('1. Auth'!A4:A16) -> 13 | C7: =COUNTIF('1. Auth'!F4:F16,"PASS") -> 13 | D7: =COUNTIF('1. Auth'!F4:F16,"PENDING") -> 0
A8: 2. User | B8: =COUNTA('2. User'!A4:A8) -> 5 | C8: =COUNTIF('2. User'!F4:F8,"PASS") -> 5 | D8: =COUNTIF('2. User'!F4:F8,"PENDING") -> 0
A9: 3. Research Project | B9: =COUNTA('3. Research Project'!A4:A15) -> 12 | C9: =COUNTIF('3. Research Project'!F4:F15,"PASS") -> 12 | D9: =COUNTIF('3. Research Project'!F4:F15,"PENDING") -> 0
A10: 4. Member | B10: =COUNTA('4. Member'!A4:A11) -> 8 | C10: =COUNTIF('4. Member'!F4:F11,"PASS") -> 8 | D10: =COUNTIF('4. Member'!F4:F11,"PENDING") -> 0
A11: 5. Research Task | B11: =COUNTA('5. Research Task'!A4:A19) -> 16 | C11: =COUNTIF('5. Research Task'!F4:F19,"PASS") -> 16 | D11: =COUNTIF('5. Research Task'!F4:F19,"PENDING") -> 0
A12: 6. Comment-Attach (Nang cao) | B12: =COUNTA('6. Comment-Attach (Nang cao)'!A4:A8) -> 5 | C12: =COUNTIF('6. Comment-Attach (Nang cao)'!F4:F8,"PASS") -> 5 | D12: =COUNTIF('6. Comment-Attach (Nang cao)'!F4:F8,"PENDING") -> 0
A13: 7. Loi he thong | B13: =COUNTA('7. Loi he thong'!A4:A9) -> 6 | C13: =COUNTIF('7. Loi he thong'!F4:F9,"PASS") -> 6 | D13: =COUNTIF('7. Loi he thong'!F4:F9,"PENDING") -> 0
A14: TONG CONG | B14: =SUM(B7:B13) -> 65 | C14: =SUM(C7:C13) -> 65 | D14: =SUM(D7:D13) -> 0
A16: Ghi chu: 65/65 case da duoc kiem thu va PASS (cap nhat 26/08/2026). Nhom 1 (Auth, 13 case), 2 (User, 5 case), 3 (Research Project, 12 case), 4 (Member, 8 case) va 7 (Loi he thong, 6 case) - tong 44 case - duoc xac nhan bang bo test tu dong (pytest tests/ -v, 44/44 pass; xem tests/test_auth.py, tests/test_users.py, tests/test_research_project.py, tests/test_members.py, tests/test_system_errors.py). Nhom 5 (Research Task, 16 case) va 6 (Comment & Attachment - da lam phan Nang cao Tiet 4, 5 case) - tong 21 case - chua co bo test tu dong nen duoc kiem thu thu cong bang script mo phong TestClient tuan tu tung case (xem manual_check_group_5_6.py) va da xac nhan PASS. Trong qua trinh test da phat hien va fix 4 loi thuc te trong code (xem muc 'Loi da fix' o file huong dan di kem).

Sheet 1. Auth
A1: 1. Auth
A3: # | B3: Method | C3: Endpoint | D3: Case | E3: Ket qua mong doi | F3: Test
A4: 1.1 | B4: POST | C4: /auth/register | D4: Dang ky hop le | E4: 201, tra ve user, KHONG co password_hash | F4: PASS
A5: 1.2 | B5: POST | C5: /auth/register | D5: Email da ton tai | E5: 409 Conflict | F5: PASS
A6: 1.3 | B6: POST | C6: /auth/register | D6: Email sai dinh dang | E6: 422 | F6: PASS
A7: 1.4 | B7: POST | C7: /auth/register | D7: Password < 8 ky tu | E7: 422 | F7: PASS
A8: 1.5 | B8: POST | C8: /auth/register | D8: full_name toan khoang trang (" ") | E8: 422 (neu da them validator strip) | F8: PASS
A9: 1.6 | B9: POST | C9: /auth/login | D9: Email/password dung | E9: 200, co access_token + refresh_token | F9: PASS
A10: 1.7 | B10: POST | C10: /auth/login | D10: Sai password | E10: 401, thong bao chung chung (khong lo email co ton tai hay khong) | F10: PASS
A11: 1.8 | B11: POST | C11: /auth/login | D11: Email khong ton tai | E11: 401, thong bao GIONG HET case sai password | F11: PASS
A12: 1.9 | B12: POST | C12: /auth/login | D12: Tai khoan is_active = false | E12: 401 Account is inactive | F12: PASS
A13: 1.10 | B13: POST | C13: /auth/login | D13: Goi SAI lien tuc > 5 lan/60s (cung IP) | E13: 429 Too Many Requests | F13: PASS
A14: 1.11 | B14: POST | C14: /auth/refresh | D14: Refresh token hop le | E14: 200, cap access_token moi | F14: PASS
... A16: 1.13 | B16: POST | C16: /auth/refresh | D16: Token rac / het han | E16: 401 | F16: PASS

Sheet 2. User
A1: 2. User
A3: # | B3: Method | C3: Endpoint | D3: Case | E3: Ket qua mong doi | F3: Test
A4: 2.1 | B4: GET | C4: /users/me | D4: Co token hop le | E4: 200, dung thong tin user hien tai, khong co password_hash | F4: PASS
A5: 2.2 | B5: GET | C5: /users/me | D5: Khong co token | E5: 401 | F5: PASS
A6: 2.3 | B6: GET | C6: /users | D6: Admin goi | E6: 200, danh sach user | F6: PASS
A7: 2.4 | B7: GET | C7: /users | D7: User thuong (khong phai Admin) goi | E7: 403 | F7: PASS
A8: 2.5 | B8: GET | C8: /users?search=...&is_active=... | D8: Search theo ten/email, loc theo trang thai | E8: 200, dung ket qua filter, khong phan biet hoa/thuong | F8: PASS

Sheet 3. Research Project
A1: 3. Research Project
A3: # | B3: Method | C3: Endpoint | D3: Case | E3: Ket qua mong doi | F3: Test
A4: 3.1 | B4: POST | C4: /research-projects | D4: Tao hop le | E4: 201, nguoi tao tu dong la OWNER trong research_members | F4: PASS
A5: 3.2 | B5: POST | C5: /research-projects | D5: name toan khoang trang | E5: 422 | F5: PASS
A6: 3.3 | B6: GET | C6: /research-projects | D6: Chi tra de tai minh la owner/member | E6: 200, khong lo de tai nguoi khac | F6: PASS
A7: 3.4 | B7: GET | C7: /research-projects?search=... | D7: Search theo ten de tai | E7: 200, dung ket qua | F7: PASS
A8: 3.5 | B8: GET | C8: /research-projects/{id} | D8: La thanh vien (owner hoac member) | E8: 200 | F8: PASS
A9: 3.6 | B9: GET | C9: /research-projects/{id} | D9: Khong phai thanh vien | E9: 403 | F9: PASS
A10: 3.7 | B10: GET | C10: /research-projects/{id} | D10: De tai khong ton tai | E10: 404 | F10: PASS
A11: 3.8 | B11: PATCH | C11: /research-projects/{id} | D11: OWNER sua | E11: 200 | F11: PASS
A12: 3.9 | B12: PATCH | C12: /research-projects/{id} | D12: MEMBER (khong phai owner) sua | E12: 403 | F12: PASS
A13: 3.10 | B13: DELETE | C13: /research-projects/{id} | D13: OWNER xoa (soft delete) | E13: 204 | F13: PASS
A14: 3.11 | B14: GET | C14: /research-projects/{id} | D14: Goi lai de tai vua xoa | E14: 404 (khong phai 200, du con trong DB) | F14: PASS
A15: 3.12 | B15: GET | C15: /research-tasks/{task_id} | D15: Goi task thuoc de tai vua xoa | E15: 404 (khong lo du lieu de tai da xoa) | F15: PASS

Sheet 4. Member
A1: 4. Member
A3: # | B3: Method | C3: Endpoint | D3: Case | E3: Ket qua mong doi | F3: Test
A4: 4.1 | B4: POST | C4: /research-projects/{id}/members | D4: OWNER them thanh vien hop le | E4: 201 | F4: PASS
A5: 4.2 | B5: POST | C5: /research-projects/{id}/members | D5: Them trung thanh vien da co | E5: 409 Conflict | F5: PASS
A6: 4.3 | B6: POST | C6: /research-projects/{id}/members | D6: user_id am hoac 0 | E6: 422 (chan o schema) | F6: PASS
A7: 4.4 | B7: POST | C7: /research-projects/{id}/members | D7: user_id khong ton tai | E7: 404 | F7: PASS
A8: 4.5 | B8: POST | C8: /research-projects/{id}/members | D8: MEMBER (khong phai owner) goi | E8: 403 | F8: PASS
A9: 4.6 | B9: GET | C9: /research-projects/{id}/members | D9: Thanh vien bat ky xem danh sach | E9: 200, dung role tung nguoi | F9: PASS
A10: 4.7 | B10: DELETE | C10: /research-projects/{id}/members/{user_id} | D10: OWNER xoa member thuong | E10: 204 | F10: PASS
A11: 4.8 | B11: DELETE | C11: /research-projects/{id}/members/{user_id} | D11: Xoa owner cuoi cung | E11: 400 (khong duoc de de tai vo chu) | F11: PASS

Sheet 5. Research Task
A1: 5. Research Task
A3: # | B3: Method | C3: Endpoint | D3: Case | E3: Ket qua mong doi | F3: Test
A4: 5.1 | B4: POST | C4: /research-projects/{id}/research-tasks | D4: Thanh vien tao hop le | E4: 201, status mac dinh TODO | F4: PASS
A5: 5.2 | B5: POST | C5: /research-projects/{id}/research-tasks | D5: title toan khoang trang | E5: 422 | F5: PASS
A6: 5.3 | B6: POST | C6: /research-projects/{id}/research-tasks | D6: assignee_id la nguoi ngoai de tai | E6: 400 | F6: PASS
A7: 5.4 | B7: POST | C7: /research-projects/{id}/research-tasks | D7: Nguoi ngoai de tai tao task | E7: 403 | F7: PASS
A8: 5.5 | B8: GET | C8: /research-projects/{id}/research-tasks?status=... | D8: Filter theo status | E8: 200, dung ket qua | F8: PASS
A9: 5.6 | B9: GET | C9: /research-projects/{id}/research-tasks?status=...&priority=... | D9: Ket hop nhieu dieu kien filter | E9: 200, dung giao cua cac dieu kien | F9: PASS
A10: 5.7 | B10: GET | C10: /research-projects/{id}/research-tasks?search=... | D10: Search theo title | E10: 200, khong phan biet hoa/thuong | F10: PASS
A11: 5.8 | B11: GET | C11: /research-projects/{id}/research-tasks?page=&size= | D11: Pagination | E11: 200, dung so item va total | F11: PASS
A12: 5.9 | B12: GET | C12: /research-tasks/{id} | D12: Chi tiet task, la thanh vien de tai | E12: 200 | F12: PASS
A13: 5.10 | B13: GET | C13: /research-tasks/{id} | D13: Khong phai thanh vien de tai | E13: 403 | F13: PASS
A14: 5.11 | B14: PATCH | C14: /research-tasks/{id} | D14: OWNER sua moi truong (bao gom status) | E14: 200 | F14: PASS
... A19: 5.16 | B19: DELETE | C19: /research-tasks/{id} | D19: Khong phai owner/assignee xoa | E19: 403 | F19: PASS

Sheet 6. Comment-Attach (Nang cao)
A1: 6. Comment-Attach (Nang cao)
A3: # | B3: Method | C3: Endpoint | D3: Case | E3: Ket qua mong doi | F3: Test
A4: 6.1 | B4: POST | C4: /research-tasks/{id}/comments | D4: Thanh vien binh luan (neu da lam Nang cao) | E4: 201 | F4: PASS
A5: 6.2 | B5: GET | C5: /research-tasks/{id}/comments | D5: Nguoi ngoai de tai xem | E5: 403 | F5: PASS
A6: 6.3 | B6: POST | C6: /research-tasks/{id}/attachments | D6: Upload file hop le (neu da lam Nang cao) | E6: 201 | F6: PASS
A7: 6.4 | B7: POST | C7: /research-tasks/{id}/attachments | D7: Upload file sai dinh dang | E7: 400 | F7: PASS
A8: 6.5 | B8: POST | C8: /research-tasks/{id}/attachments | D8: Upload file vuot dung luong cho phep | E8: 400 (hoac 413 neu tu quy uoc) | F8: PASS

Sheet 7. Loi he thong
A1: 7. Loi he thong
A3: # | B3: Method | C3: Endpoint | D3: Case | E3: Ket qua mong doi | F3: Test
A4: 7.1 | B4: GET | C4: /khong-ton-tai | D4: Goi endpoint khong ton tai | E4: 404, response dung dinh dang 6 truong | F4: PASS
A5: 7.2 | B5: POST | C5: Bat ky endpoint co validate | D5: Loi validate (422) | E5: Response co chi tiet loi tung field | F5: PASS
A6: 7.3 | B6: GET/POST | C6: Gia lap loi ngoai du kien | D6: Exception khong phai HTTPException | E6: 500, dung format 6 truong, KHONG lo traceback | F6: PASS
A7: 7.4 | B7: GET | C7: Bat ky endpoint can token | D7: Token rac / sai dinh dang | E7: 401 | F7: PASS
A8: 7.5 | B8: GET | C8: Bat ky endpoint can token | D8: Thieu header Authorization | E8: 401 | F8: PASS
A9: 7.6 | B9: GET | C9: /health | D9: Kiem tra suc khoe he thong | E9: 200, database: ok | F9: PASS
